"Model","MAE","RMSE","MAPE"
"ARIMA",8.6948275862069,12.9336525319065,195.741637669078
"ARIMAX",NA,NA,NA
