"Model","Mean_Error","Median_Error","Error_Variance","Error_Range"
"ARIMA",-8.61436781609195,-6.1,93.6100235864726,29.4
"Ridge",-1.03002943947672,0.798793807697727,60.549690384637,27.9963121341007
"Lasso",-1.558474804735,0.412802233812116,52.9818942970161,27.026312212982
"ElasticNet",-1.56138287040953,0.414735959406844,53.3058443551152,27.0933666239999
